Built,n,prop
4.1.0,2,0.003676470588235294
4.1.1,6,0.011029411764705883
4.2.0,517,0.9503676470588235
4.2.1,19,0.034926470588235295
