Built,n,prop
4.1.0,263,0.4843462246777164
4.1.1,78,0.143646408839779
4.1.2,117,0.2154696132596685
4.1.3,2,0.003683241252302026
4.2.0,77,0.141804788213628
4.2.1,6,0.011049723756906077
